超連結,介紹
https://www.ettoday.net/news/20251109/3064216.htm,宜蘭「百大文化基地」亮點曝光　李遠逛120年市場：眼淚掉下來
https://travel.ettoday.net/article/3060836.htm,宜蘭新景點！舊穀倉改成製油所　還有3條山海主題小旅行
https://travel.ettoday.net/article/3058463.htm,老爺酒店線上旅展下殺2折　聯合住宿券可住全台10飯店還送早餐
https://travel.ettoday.net/article/3040963.htm,宜蘭玻璃屋咖啡坐擁湖景第一排！寵物友善＋低消僅80元超親民
https://travel.ettoday.net/article/3051612.htm,宜蘭旅宿優惠懶人包！住五星飯店送早午餐　退房後還能泡大眾湯
https://travel.ettoday.net/article/3049043.htm,頭城煙火節看「全台最長花火」！1680秒搭無人機　再逛200攤市集
https://travel.ettoday.net/article/3045040.htm,宜蘭冬山「11米Q版月球＋玉兔」免費拍　還有超萌柚子三兄弟
https://travel.ettoday.net/article/3037754.htm,置身金黃稻浪裡划獨木舟！宜蘭8個不玩會後悔景點＆行程
https://travel.ettoday.net/article/3042316.htm,長榮酒店線上旅展明開跑　住全台6飯店最低2900起送早餐
https://travel.ettoday.net/article/3032500.htm,隱世淨土坐落蘇澳僻靜漁港！漸層海水礫灘＋礁岩奇石環繞四周
https://travel.ettoday.net/article/3032199.htm,挑戰南澳8小時金岳瀑布溯溪！攀岩跳水、天然溜滑梯一次體驗
https://travel.ettoday.net/article/3035904.htm,草嶺古道芒花季11月登場！看銀白浪花山間飛舞　走市集、玩DIY
https://travel.ettoday.net/article/3035143.htm,宜蘭「村華麵包店」試營運！每日現做　必點招牌海鹽奶油捲
https://travel.ettoday.net/article/3020264.htm,幫超萌水牛刷背梳毛！宜蘭牛主題農場　門票折抵飲料下午茶
https://travel.ettoday.net/article/3034215.htm,住全台8間捷絲旅每人最低980元起　送滾珠精油、舒眠噴霧
https://travel.ettoday.net/article/3031628.htm,周日限定！住礁溪五星酒店免費吃龍蝦、和牛、鱈場蟹吃到飽
https://travel.ettoday.net/article/3029297.htm,太平山蹦蹦車10月全線復駛　搭黃色小火車直奔山林秘境
https://travel.ettoday.net/article/3023626.htm,解鎖羅東8000坪樹懶萌寵樂園！森林系牧場零異味、動物溫順好互動
https://travel.ettoday.net/article/3028783.htm,全台飯店買一送一優惠懶人包！住28坪環景套房　壽星免費升等
https://travel.ettoday.net/article/3026214.htm,宜蘭星級飯店Villa買一送ㄧ　送早晚餐、穿浴衣玩日式園區
https://travel.ettoday.net/article/2998600.htm,朝聖「世界冠軍威士忌酒廠」在宜蘭！近看巨型壺式蒸餾器太震撼
https://travel.ettoday.net/article/2999768.htm,頭城一日遊路線推薦！烏石港沙灘衝浪　海景玻璃屋遠眺龜山島
https://travel.ettoday.net/article/2993118.htm,獨棟電梯民宿坐落宜蘭田野間！體驗生態池划船、享用管家現做早餐
https://travel.ettoday.net/article/2992595.htm,蘇澳地下冷泉秘境藏身復古紅磚樓！白磺泉終年維持20度還有裸湯
